	target
7928	1
5557	0
10238	1
8162	0
3980	0
1498	0
972	0
7760	1
10530	1
3392	0
4681	1
11349	1
9962	0
10712	0
9298	0
11234	0
11066	0
9591	1
363	0
2808	0
10519	0
3340	1
2724	0
11274	0
2718	1
5641	0
7940	1
918	0
10682	1
4137	1
9914	1
1624	1
6824	0
5052	1
7287	1
992	0
5799	0
5103	1
9764	1
9259	1
8231	1
7791	0
6789	1
6921	0
4258	1
724	0
10735	1
4045	1
4547	1
7051	1
7895	0
4266	0
7197	1
6573	0
1609	0
6319	1
7764	1
4950	1
10231	1
11317	0
5288	1
2688	1
4209	0
2105	1
10954	1
1642	1
5154	1
4626	0
8285	0
4506	1
9646	0
9617	0
2859	1
3263	0
5448	1
4185	1
2694	0
463	1
4907	1
3459	0
91	0
1612	1
9380	0
6986	0
4022	0
1717	0
9912	1
5487	1
4019	0
4623	0
5743	1
3637	1
6855	1
4446	0
6918	0
5592	1
4127	0
3266	0
4081	1
1364	0
6263	0
873	0
9317	1
7740	1
10583	1
6372	0
2386	0
1611	1
1673	0
6524	1
5622	1
10371	1
7577	0
11150	1
1360	0
8076	0
8328	0
5434	0
2690	0
4920	0
4110	0
5314	0
6461	1
2882	1
6931	0
1423	1
1107	0
7586	0
8596	0
1689	1
1625	1
4058	0
8682	0
2397	1
8531	1
8214	0
8084	0
5428	0
5336	0
2969	1
7103	0
614	1
4651	0
6352	1
5789	1
9627	0
9439	1
10511	0
6184	1
5869	0
7759	1
587	1
52	0
11194	0
879	1
4857	0
10971	1
6554	0
9626	1
4270	1
8911	0
2281	1
7614	0
10309	1
2103	0
9335	0
4283	1
1894	1
2691	1
9840	0
8193	0
5349	1
277	0
6171	1
10585	0
5354	0
9927	1
5834	0
7986	1
6873	0
7490	1
10782	0
6833	0
2786	1
11313	1
8841	1
5335	1
316	0
1713	0
5910	0
6189	1
6254	0
4098	0
3353	1
5368	1
7224	0
8820	0
3153	0
744	0
6013	0
4126	0
6528	0
8466	0
1370	0
1620	0
7804	1
1412	1
8729	1
1079	1
5946	0
8107	0
7511	1
9063	1
4136	1
4419	1
717	0
1940	1
2901	1
4245	0
10889	1
9349	1
6558	1
8821	0
3396	0
11346	0
10393	1
4199	1
2985	0
6980	1
5648	1
5271	0
3374	0
1810	0
8587	1
8387	0
3182	0
3575	0
912	0
584	0
6671	1
6595	1
10603	1
10924	0
6805	0
9970	0
1878	1
8216	0
4339	1
10648	0
3753	0
833	0
4253	0
6477	0
707	1
9910	0
119	0
9573	1
243	1
10330	1
457	1
10593	0
41	0
5666	0
5421	0
4689	0
4776	0
5308	0
3780	0
10594	0
2486	0
9156	1
4203	1
6318	1
348	1
6470	0
7475	0
5041	0
9653	1
8054	0
11158	1
4523	0
2138	0
7170	0
5029	0
6608	1
5048	0
11192	0
6096	0
7808	0
6924	1
2524	1
3402	1
4595	1
10495	1
2157	0
4598	0
3329	0
2261	1
3284	0
6655	1
7495	0
5193	0
4466	1
5056	1
621	0
5970	0
3359	0
6109	0
3749	1
6788	1
10824	0
9276	0
9158	1
8589	0
9414	0
10187	1
10944	0
6894	0
3134	0
4408	0
3308	0
8116	0
1843	1
8769	0
1831	1
4949	0
6219	1
11344	1
9797	1
3209	1
5160	0
893	0
3372	0
8223	1
236	1
7449	0
1421	1
5776	0
7659	0
1032	0
3644	1
7559	1
4238	0
9589	0
10939	1
8703	0
9138	1
4355	1
1575	0
2071	1
11279	0
8224	0
3652	1
8925	0
1807	1
915	1
890	0
894	1
3040	1
7201	0
3466	0
201	1
1172	0
440	1
11270	1
11127	0
1018	0
9197	1
967	1
5564	0
3680	1
8031	1
8892	0
5047	1
1890	1
7637	0
3942	0
9479	0
2040	0
4865	1
2430	0
10188	1
10639	0
8118	0
6952	1
7572	1
3309	1
7953	1
6123	1
3498	1
1676	1
4787	0
10704	0
2594	0
11425	1
7276	0
7110	0
6432	1
7457	0
9787	1
2159	1
7131	1
5136	0
4454	1
8127	1
4359	1
8399	1
2421	0
7992	1
1779	0
6198	1
6683	1
9856	0
7319	0
6088	0
3525	0
1356	0
3337	1
6085	0
3889	1
1818	0
5911	0
7211	1
6569	0
4349	1
1139	1
7990	1
8385	0
329	0
1054	1
10422	1
3546	1
7347	1
3297	1
10420	1
5979	0
3771	0
8866	0
7378	1
1160	1
5037	0
3455	0
9081	0
7271	1
238	1
9494	1
1008	1
4919	0
4709	0
770	1
9397	0
4940	1
6389	0
622	1
5996	1
4788	1
11204	1
4120	1
4735	0
5493	0
7379	0
3755	1
3158	0
8502	0
2095	0
9203	1
3603	0
2223	0
9874	1
10556	1
6337	0
9679	1
1384	1
6883	0
7741	0
406	1
2908	0
10335	1
8930	0
1872	0
2037	1
8744	0
8591	0
5156	1
954	0
8065	1
4319	1
8646	0
4191	0
2463	0
4400	0
5207	1
6091	0
4692	1
9068	1
7027	1
6762	0
328	0
4694	1
508	0
2636	0
9052	1
2890	1
758	0
5952	1
8324	1
6493	1
1445	1
11246	1
10607	0
3538	1
6586	0
7843	0
11025	1
1239	1
4728	1
10863	0
8766	0
1002	0
2468	1
8551	1
3689	0
1219	0
437	0
3696	1
2757	0
8277	1
7136	1
8095	1
9552	0
4147	0
4279	1
10457	1
6611	0
5994	1
4953	0
3821	0
745	0
9834	0
6210	0
9269	0
5609	1
1196	0
5054	0
10740	0
3855	1
10244	0
11121	1
7335	0
1188	0
452	0
6122	1
9067	1
335	0
1454	0
7250	0
7593	1
7866	0
6722	1
2952	0
5185	1
3627	1
922	1
9476	1
85	1
6570	0
5087	0
2432	0
7296	0
6988	1
5362	1
7111	0
9972	0
9458	1
8838	1
10512	0
6323	0
11163	0
4201	0
882	0
11038	0
3612	0
10268	0
8120	0
6313	0
4493	1
11427	1
4342	1
8183	1
5249	0
11334	0
6546	0
6443	1
1632	0
6806	0
4197	0
4727	1
6884	0
7771	1
9047	0
6796	0
5850	0
6446	1
9547	1
9402	1
4931	1
43	1
1511	1
4611	1
6642	1
6274	0
5269	1
8527	1
7640	0
2479	1
9449	1
10229	0
6338	1
5106	0
7166	0
2353	1
1858	0
481	1
3544	1
1645	0
8319	1
1267	0
5531	1
1133	0
7817	0
8463	1
10090	0
8640	0
2941	0
869	0
1877	0
6391	0
7306	1
3230	1
3173	0
9467	0
11256	0
5809	0
8718	1
5195	1
4519	1
8179	1
6317	1
5008	1
4960	0
7447	0
1174	0
8654	1
8651	1
4987	1
4801	1
1173	0
5097	1
450	0
5398	1
10193	1
410	1
865	0
5681	0
1393	1
6936	0
5831	1
4080	0
249	0
1026	1
4927	1
1262	0
491	0
3741	1
5926	1
8621	0
4421	0
5400	0
9778	0
7905	0
10691	0
9696	0
10975	0
2824	1
10049	0
1165	0
1881	1
10105	1
928	1
6110	1
2787	0
4648	0
10201	0
10352	1
10979	0
5784	1
4716	1
6362	1
11154	0
4107	0
1508	0
4204	1
10361	0
3086	0
2229	0
5406	1
10758	1
9946	0
2360	0
8770	1
5267	0
4230	1
10879	0
1892	1
2319	0
3633	0
10953	0
2598	0
7225	0
5222	0
10651	1
377	1
4014	1
9299	1
1701	0
4998	1
6795	1
809	1
2342	1
6733	0
8119	1
9285	1
1074	1
4225	0
10022	1
7868	0
223	0
3339	0
3072	0
1385	1
3991	1
8745	0
10204	1
9528	1
5881	0
4012	1
3321	0
10539	1
10120	1
4721	0
323	0
8947	1
7539	0
8165	0
2818	1
3896	1
10909	0
7101	1
8365	0
7503	1
10185	0
2060	1
5141	0
10653	1
5895	1
2490	1
7533	1
8083	1
9117	1
3246	1
6163	0
11097	0
6499	0
7380	0
7209	1
6017	1
792	1
7944	0
5119	0
6701	0
4652	0
9808	0
7881	0
9921	1
6277	0
9159	0
1177	0
8721	0
6095	1
6843	0
5280	0
8704	1
6485	0
10490	0
9608	1
4811	0
2059	1
69	1
9585	1
4362	1
9229	1
11363	0
3493	0
4478	1
3656	0
373	0
9549	0
868	0
9277	1
3820	1
38	1
8757	1
7978	1
4616	0
8194	1
11052	0
2301	1
2686	1
785	0
517	1
7300	0
2219	0
8195	1
11397	1
10608	1
8225	0
7525	1
5171	1
9702	0
5642	1
8529	0
3933	1
9519	1
1534	1
1944	1
3075	1
6566	0
7927	1
11423	0
9828	0
5061	0
8608	1
6141	0
5669	0
6647	1
10666	0
8325	0
6148	0
9428	1
9485	1
513	0
7830	0
7013	1
1271	1
1832	0
5348	0
2002	0
8549	0
3162	1
1616	1
1920	0
10207	0
7075	1
7779	1
1301	1
5217	1
4219	0
9715	0
10868	0
4799	0
10779	1
5697	1
8894	0
9445	1
10070	0
10096	0
9804	1
9238	0
1873	1
11299	0
9109	1
7007	0
1866	1
2553	0
382	0
11106	1
10784	1
8912	0
10814	0
7778	0
7538	0
2616	1
3801	0
9958	1
5574	0
10336	1
858	1
6256	1
9941	0
8355	0
2072	0
1595	1
6597	0
4650	1
6826	1
7802	0
8221	1
8293	1
6068	0
705	1
8790	1
9758	0
123	0
3025	1
7210	0
1319	1
8510	0
8941	0
4576	0
2909	1
6908	1
10249	1
2622	0
1848	0
8104	1
2358	1
5395	0
551	0
2152	1
3982	0
3738	0
5596	1
8242	0
7106	1
1441	0
6421	0
10766	0
4190	0
5934	1
5660	1
7825	1
5865	0
4088	1
9967	1
528	1
5180	1
6312	1
2008	0
2710	0
3443	0
10973	1
2821	1
715	0
8358	1
1573	0
3187	0
9345	1
4639	1
760	0
6622	1
4365	1
1416	0
480	1
6216	0
8697	0
4896	0
1753	0
4308	0
6831	1
26	1
9036	0
5815	1
6584	0
2715	0
10210	1
6765	1
4736	1
3470	0
10381	1
7921	1
273	1
1095	1
10898	0
7870	1
2437	1
8537	0
2387	0
11368	1
4929	0
2435	0
3275	0
4733	1
10468	1
2767	0
2239	0
1274	0
11156	1
3228	0
4101	0
7775	1
4434	1
562	0
8149	1
7393	1
7937	1
7337	0
1931	1
7405	0
3691	1
4563	1
3122	0
33	0
6371	0
156	0
10000	1
215	1
7789	1
11280	1
3361	0
5649	1
5494	0
10911	0
10883	0
2438	0
3624	1
783	0
2841	1
360	1
5795	1
8662	0
6749	1
3288	0
1857	1
8134	0
4628	0
449	1
1964	1
3008	1
10929	0
5839	0
7173	1
4345	0
7535	1
5737	0
3084	0
8895	1
9437	0
7620	1
7888	1
1234	0
3123	0
4782	0
6898	1
811	0
9192	1
7387	0
4768	1
4933	0
7113	0
5089	1
7780	1
8526	1
417	0
2087	1
10253	1
4152	0
10092	1
2307	1
2133	0
5604	1
1809	0
2129	1
4426	1
10753	0
11053	0
6702	1
4244	0
4193	1
2965	0
9330	1
4766	1
4174	1
3091	1
10738	0
3219	0
1212	0
5978	1
866	1
4407	1
3236	0
8453	1
1268	1
8077	0
5197	1
6670	0
2580	1
734	1
1058	0
10026	0
3175	0
6125	0
1015	0
3076	0
537	1
5736	0
8403	1
8626	0
4522	0
2176	0
2763	0
1476	0
10715	1
7181	1
3427	1
11067	0
4514	1
2405	1
8875	0
8753	0
5445	0
9300	0
185	0
7054	1
5039	1
9546	1
3600	0
9975	0
11146	0
8618	1
7089	0
11064	0
8024	1
1915	1
9059	1
8025	1
11250	1
5458	0
7174	0
3202	0
5035	0
11323	0
2467	0
10878	0
9515	0
5566	0
1277	0
3103	0
2209	1
4644	0
7750	0
8619	1
5450	0
4073	0
5948	0
7774	1
11107	0
4625	1
5066	0
3514	0
9058	1
4062	0
5563	0
7569	0
9334	1
8408	0
7288	1
3523	0
4054	0
8063	1
10347	0
679	1
8613	1
2247	0
8347	0
6476	1
6395	0
9752	1
6711	1
11139	0
782	1
1896	0
9824	1
2190	0
3496	1
6716	0
7831	0
11307	1
2971	1
10821	1
7278	1
5758	0
8191	0
2918	0
2335	0
149	1
3715	0
7811	0
164	1
80	0
6877	1
6445	0
3512	1
1785	0
1663	1
769	0
92	1
1610	1
10064	1
7960	0
729	1
9060	0
2180	0
6794	1
2559	0
2026	0
4893	1
5552	1
2848	0
2684	1
11218	1
7555	0
5234	1
5351	1
4936	0
6496	1
9022	0
8447	1
445	0
1548	1
8028	0
2526	1
380	0
9265	0
1981	0
9211	1
2271	1
3384	1
9998	0
6820	0
3601	0
5162	1
4946	0
4116	1
5859	1
738	1
10409	1
11083	1
5757	1
11034	0
5790	1
4622	0
4100	1
1546	1
7767	0
4175	0
3792	1
2350	0
4875	0
9568	0
10258	0
6886	1
7152	1
4051	0
9407	1
23	1
983	0
10591	0
2987	0
3960	0
11006	1
10606	1
11055	0
9904	0
1629	1
9953	1
6939	0
8078	1
9148	0
7078	0
8271	1
4584	1
4891	1
6000	0
7796	0
7087	1
2832	0
1870	1
2357	1
9806	1
11162	1
9926	0
3731	1
9765	1
3002	1
8924	0
920	0
9064	1
2173	0
10156	1
5155	1
7215	0
635	0
639	1
10146	1
3056	1
5021	0
2743	0
2498	0
1149	0
8041	0
9839	1
3756	0
10183	0
607	0
3403	1
8481	0
2664	1
488	1
6729	0
7721	0
1371	1
421	1
8500	0
7552	0
2198	1
8112	0
1557	0
5623	0
2019	1
3307	0
10937	0
5321	0
9051	1
7483	0
87	1
10631	1
1853	1
9344	1
5226	1
2781	0
1694	1
838	1
3096	0
10251	1
11205	0
11324	1
3272	1
5902	0
6214	0
395	1
10812	1
7847	1
8776	0
6892	0
5599	0
10679	0
7160	0
468	0
6997	1
10171	0
5687	1
9131	0
9918	1
10761	1
7352	0
3323	1
4843	1
10604	1
901	1
9498	1
4215	0
4706	0
7330	1
10396	0
11110	0
8164	0
8585	1
8005	1
9938	0
7462	0
11012	0
4424	0
9140	1
4609	1
1780	0
1213	1
9264	0
2439	1
8166	0
10992	0
8773	1
5905	0
10016	1
4774	1
5624	0
5797	1
259	1
5114	1
2134	0
1740	0
11358	0
3424	1
7689	1
1335	1
6810	0
6326	0
4852	0
6137	1
741	0
9415	1
10066	0
10609	0
7836	1
7091	1
2765	0
9130	1
10100	0
7519	0
10912	1
9862	1
4148	0
5408	0
10697	0
1255	1
10150	1
2716	1
5179	1
8708	0
2800	1
8438	1
4701	0
8361	1
3408	1
9548	1
862	1
4956	0
5922	0
1710	0
2406	1
7897	1
4835	0
10014	1
5993	1
4971	1
7247	1
5237	1
3282	0
11174	1
6007	0
11380	1
7297	0
9712	1
7280	1
4662	1
2371	0
5783	1
1530	0
2428	0
3587	1
2670	0
11405	0
5187	1
11309	0
9897	1
10888	1
7305	0
2642	0
2507	0
4510	0
3690	1
7977	1
2584	1
6503	1
7266	0
4573	0
3001	1
8307	1
900	1
2626	0
302	1
4473	1
5982	0
5359	1
11388	0
4848	1
81	0
10491	0
3065	1
7331	0
4914	0
9392	0
6842	0
2931	1
8218	1
6811	1
10576	0
9727	1
70	0
716	0
6487	0
5129	1
1	0
7474	1
8397	0
10828	0
3655	0
4926	1
5690	1
6600	1
1801	0
2850	0
8340	0
6735	0
9210	1
3613	0
1746	1
6063	1
1471	0
6705	0
2338	1
3310	0
99	0
206	1
3265	1
5432	1
1566	1
5724	0
374	0
6543	0
3044	1
229	1
4264	1
766	0
10009	0
5218	1
3090	1
4061	1
3768	0
4895	1
5449	1
7983	1
5581	1
1307	0
6691	0
6623	1
15	0
1526	1
9905	0
5868	1
4410	0
10263	1
11170	0
4250	1
10480	1
10433	0
4224	0
8320	1
4288	1
6134	1
5683	0
9981	0
4287	1
7981	0
7448	1
2631	0
7019	0
6791	0
6828	1
5685	1
3479	0
2081	1
8027	1
9567	0
6773	0
4353	0
3706	1
9753	1
8667	0
11271	1
4607	0
597	0
8368	1
925	1
6087	1
3088	0
9920	0
6624	0
3197	1
9167	0
246	0
2667	1
6471	0
5382	1
7150	1
5244	1
5786	1
11415	1
8299	0
6965	1
8226	1
772	0
8485	1
7040	1
2966	0
5110	1
11420	1
6204	0
3136	0
7537	0
8040	1
2697	0
3526	1
9306	1
8032	0
4798	0
9823	1
7164	1
1957	1
816	0
7026	0
703	0
1387	1
7375	0
11001	0
7163	1
1708	1
5634	0
8208	1
5668	1
9031	0
1197	0
2628	0
5385	0
4239	1
10794	0
3423	0
2288	1
9992	1
4764	1
8785	0
7885	1
3245	0
6869	1
822	0
9506	0
2496	1
1748	1
659	1
8953	0
7510	1
7701	1
8732	0
7417	0
6064	1
1313	0
10426	0
3365	1
5140	0
6059	1
5801	1
10822	0
2258	1
370	1
5787	1
9466	0
3	1
3632	1
10306	1
1420	0
3802	0
8506	0
3729	0
9118	1
10367	1
11385	0
6455	0
359	1
1762	1
2609	0
7400	0
2585	1
6725	0
1774	1
5495	1
1232	0
10410	1
5220	1
5379	0
3198	0
1618	1
5419	1
10725	1
6564	1
8826	0
6479	0
8007	0
194	0
3972	1
5426	1
3617	1
4792	0
6033	1
6618	0
9560	0
8813	0
10127	1
5307	1
9290	1
7924	0
10517	1
6145	0
2491	1
8611	0
6492	0
10717	0
9044	1
5239	0
655	1
371	0
2717	0
5516	1
2871	1
10836	0
2045	1
6707	0
7516	1
2351	1
136	0
7678	0
11014	0
8752	1
6119	1
3116	1
3947	1
3584	1
3119	1
1578	0
1457	1
3865	0
6574	0
10823	0
1452	1
9374	1
499	1
169	0
5677	1
9762	1
11172	0
9997	1
6676	1
9391	1
2692	1
3724	0
2650	0
10453	0
5391	1
110	1
8861	1
3144	1
4527	1
7716	1
7646	1
8994	0
9313	1
556	1
9236	0
11220	0
4646	1
9695	1
8268	1
8553	1
1368	0
7420	0
6427	1
1339	1
9013	0
9623	1
5418	0
604	0
8468	1
3077	0
10635	0
2220	0
4272	1
8037	1
10839	0
9977	0
3094	1
1884	0
7819	1
11211	1
8108	0
4085	0
3377	1
10925	0
5028	1
2942	1
10874	0
2204	0
3783	1
559	1
6027	0
7348	0
8831	0
773	0
428	0
6341	1
4296	0
2726	0
7436	1
2511	0
3468	0
1773	0
2978	1
4117	1
6346	1
7021	1
4059	0
5932	0
3511	0
9850	1
9544	1
4687	1
3320	1
7390	1
9629	0
3420	0
3005	1
4438	0
7717	0
4145	1
2829	1
4452	1
7303	0
140	0
10657	1
11191	1
6222	1
530	1
3059	1
9733	1
11185	0
5175	1
8331	0
404	1
8660	0
3557	1
8653	0
8948	1
7069	1
9435	0
672	1
6906	0
3052	0
6343	1
4404	0
6099	0
9024	1
7088	1
8812	1
2484	0
3844	1
7386	1
3891	0
3097	0
2368	0
1914	0
6348	1
275	0
8656	0
1911	0
8898	1
5337	1
5835	0
9773	0
2499	1
7285	0
1017	1
74	0
10372	0
10665	0
8129	0
8781	1
1771	1
10986	0
2061	0
7998	1
1758	0
8370	0
1581	1
7233	0
8592	1
182	0
9966	0
7500	0
1122	0
6901	0
3344	0
145	1
5830	1
4661	0
2643	0
256	1
6462	0
3449	0
4806	1
9367	1
6591	0
7424	1
266	1
4234	0
4925	1
9184	1
10311	0
4487	0
8627	1
2836	0
6489	1
1948	0
4436	0
2675	0
10474	0
10853	1
8045	1
564	1
2548	1
5852	0
7196	0
9677	0
44	1
5864	0
3104	1
8333	1
88	0
9043	1
643	0
11189	1
8999	1
7235	0
216	1
7214	0
5693	1
5489	0
282	0
3274	0
5856	1
1223	1
2596	1
6598	0
8431	1
3692	1
9133	0
5105	1
3127	0
10339	1
5884	1
10482	0
9134	0
11070	0
9776	0
318	1
1505	0
10976	0
1065	0
9115	0
2166	1
7837	0
10695	0
1442	1
8317	0
10093	1
10746	0
10866	1
430	1
10933	0
3786	0
8799	1
2110	1
285	1
7492	0
334	1
3905	0
3710	1
1990	0
1027	0
2984	1
4965	0
10936	1
3814	1
7429	1
10638	1
3588	0
8890	0
9594	0
6669	0
11381	1
4693	0
6070	0
8583	1
8723	1
3480	0
10233	0
6769	1
5945	1
10950	0
8815	1
4050	0
5597	1
3578	0
1516	0
1209	0
9957	1
10359	0
5662	0
10739	0
4989	1
6970	0
1482	1
7133	1
5804	0
8334	1
10161	1
10817	1
7524	1
8155	0
1825	0
10803	0
11237	1
4521	1
1025	1
10447	0
5918	1
9930	1
9091	1
2452	0
3499	0
5822	0
8964	1
28	0
6592	0
11042	0
2186	0
10110	0
4753	0
7389	1
6353	1
1112	0
3079	1
6709	0
4915	1
6713	0
172	1
2106	1
11281	1
5292	0
3146	1
5534	0
400	1
8049	0
8751	0
9711	0
3456	1
3011	0
2996	1
2782	1
7626	0
9400	1
6127	0
8693	1
6535	1
2677	1
6784	0
5766	0
8552	1
8284	1
4307	1
2232	1
10791	1
9278	0
90	1
9619	0
8811	0
2032	0
3563	0
1929	0
541	1
3181	0
8237	1
6115	0
5659	1
1811	1
6482	1
5955	0
8827	0
9852	0
10172	1
7017	0
10720	0
1918	0
6875	0
10621	1
5312	0
5174	0
5537	0
2842	0
4993	1
3409	1
1283	0
7995	0
9366	0
10989	1
7216	1
1719	1
2783	1
9922	1
7376	1
3707	0
1114	1
6523	1
6917	1
1947	1
5923	1
1035	0
7252	1
3635	1
7098	1
7679	0
2315	1
4888	1
7453	0
340	0
9693	1
3436	1
6436	1
3521	1
2884	0
7081	1
4413	0
10429	0
3371	1
941	0
5177	1
10458	1
8342	1
2950	1
3171	0
8227	1
7147	0
4549	0
2898	0
1275	0
358	1
1543	0
3196	0
5049	1
7922	1
7901	0
8414	1
2554	1
376	1
970	1
10840	1
5500	1
3399	1
8828	0
1285	1
5247	0
8985	0
1187	0
7869	0
7534	1
2311	1
695	0
9579	0
8673	0
2179	0
5297	0
1200	0
5651	0
7647	0
4980	1
8735	0
9347	1
8520	0
5294	1
7155	1
2440	1
6071	1
3345	1
10170	0
5343	0
3694	1
3383	0
7272	1
2150	1
7600	0
2392	0
1162	1
7792	1
10277	0
10451	0
6870	0
11266	0
7904	0
11182	0
1633	0
2560	0
9877	0
7950	1
7059	1
11090	1
4034	0
2181	1
53	1
2354	0
7289	0
6022	0
2683	1
7001	1
9302	1
5840	0
9993	1
5739	0
7322	1
837	0
4463	1
10302	1
3450	1
4132	0
2519	0
8709	1
577	1
935	0
966	1
3438	0
8441	0
9420	1
1838	1
10058	1
7009	1
343	1
10677	1
4660	1
3102	1
3006	1
3779	1
6832	1
916	1
7715	1
6902	0
5508	1
3618	0
8303	1
11379	0
1259	0
8727	0
10755	1
471	1
728	0
1050	1
8691	1
7016	0
957	1
8099	0
6897	1
7670	0
1443	1
8256	1
1955	1
8048	0
8726	0
3581	0
10328	1
5298	1
46	1
2333	1
1466	0
11075	0
4546	1
9716	0
2660	1
9742	1
1728	0
9072	0
7064	1
6153	0
4360	0
8386	0
10360	0
8508	0
9327	0
6948	1
11303	0
10282	0
8400	0
3474	0
6025	1
6745	1
1902	0
2269	0
7691	1
4344	1
9899	0
3908	1
4525	1
11087	1
220	1
6619	0
8597	1
3012	1
2894	1
904	1
3135	0
10085	1
6049	1
8429	1
1834	0
522	0
3621	1
1178	1
1379	1
19	1
8524	0
608	0
2980	1
4195	0
2905	0
1429	0
6915	0
10199	0
1749	0
9725	0
8603	0
6061	0
1109	1
1203	0
9121	1
2633	0
2773	0
7672	1
11062	0
5515	1
6281	0
10078	0
10991	0
10560	0
7797	1
7482	0
7281	0
1205	0
3382	1
3967	0
8101	1
2701	1
1294	0
2083	0
4952	0
7470	0
3513	1
5146	1
3208	1
2339	0
9074	1
5886	1
4048	1
11390	0
3948	0
9991	1
1583	1
5044	0
10138	1
7857	1
10947	0
1469	0
1020	1
11179	1
1340	1
9556	1
9562	1
3352	0
252	1
2593	0
1604	1
5716	0
4161	0
2799	1
1836	1
5722	0
8824	0
9990	1
823	0
662	0
3013	1
10062	1
6904	1
1768	0
9002	0
9827	1
11216	0
9613	1
1031	1
8016	1
892	1
3797	0
2403	1
3722	0
3154	1
5167	1
3530	0
586	1
3300	1
10627	1
8189	1
3482	0
11132	0
5329	1
8125	0
8567	0
1078	0
1697	1
1323	1
11353	1
2381	1
9262	0
6732	1
10543	1
3213	0
1324	0
9120	1
6923	1
11374	1
726	0
8168	1
4471	0
8366	0
5819	0
5473	0
4049	0
1318	1
1718	0
6248	0
5587	1
10905	0
2322	1
1475	1
5253	0
698	1
685	0
4536	0
3674	0
8233	0
612	0
7890	0
9173	0
5235	1
8329	0
7931	1
2285	1
1898	1
9082	0
11036	0
10754	0
934	0
6793	0
3879	0
797	1
4371	1
1021	1
10833	0
5676	1
11370	1
7648	0
1246	1
2286	1
2731	0
3515	1
10955	1
8664	1
9326	1
7182	0
3981	0
9421	1
8539	0
2492	0
9005	0
10239	1
8004	0
4492	1
7582	1
3100	1
9895	0
4010	1
2171	1
1529	1
10235	1
8190	1
4632	0
5456	1
911	0
11155	1
349	1
9876	0
5518	0
10942	1
7925	1
10357	1
6922	1
6985	0
2384	1
4389	1
6089	0
5827	1
8903	0
10071	0
3184	1
518	1
3953	0
3702	1
7108	1
6264	1
3671	0
7739	1
4620	1
4418	1
1671	1
10057	1
3723	0
7756	1
9697	0
11377	0
8436	1
5441	1
8710	0
7697	1
7649	1
6430	1
3292	0
5733	0
9129	0
11033	1
921	0
2551	1
6728	1
6205	1
5507	1
5064	1
3622	1
2661	1
8806	1
9451	1
6928	0
10599	1
10081	1
3273	0
2734	1
10	1
4348	0
5043	1
7029	0
10027	1
10440	0
10783	0
2114	1
1128	1
7906	0
10144	0
4229	1
135	1
4752	1
83	1
208	0
9106	1
10553	1
3867	0
4301	1
625	1
2564	1
4803	1
10906	1
1349	1
10674	1
3252	1
8950	0
9175	0
9046	0
3451	0
2014	1
7326	0
6090	1
2355	0
2343	0
10600	1
5427	1
8405	0
7733	0
1576	0
4804	0
8300	0
8604	1
9032	0
1218	1
5782	0
8850	1
3533	0
9016	0
8302	1
11429	0
9341	0
526	0
1657	0
3381	0
5263	1
2302	1
2893	0
6576	1
10450	0
357	1
3974	1
7578	0
4564	1
8961	0
3770	1
2611	0
8378	0
4374	1
9094	1
2218	1
3725	1
122	0
189	1
10421	0
2878	1
1284	1
5284	1
272	1
6074	0
2760	1
1156	1
11011	0
4017	0
854	1
6693	0
11321	1
8830	1
8839	0
3720	1
1354	1
10514	1
5572	0
4713	0
1481	0
1886	0
11417	1
1120	1
4462	0
9615	0
7071	0
6365	0
10077	0
2196	0
10341	0
10097	1
8210	0
6419	0
3051	1
6165	0
3604	1
1996	1
4516	1
2576	0
7443	1
4036	0
4069	1
4023	0
3210	1
9864	0
1171	0
2817	1
5219	0
10500	1
961	1
851	1
9070	0
6662	1
2115	0
4423	1
2031	1
3537	0
539	0
2066	1
5117	0
3860	1
2792	1
9890	0
2053	1
2960	0
1484	1
8728	1
1517	0
10701	1
6688	1
3808	1
756	0
4943	0
7382	1
4169	1
5872	0
1926	1
9037	0
8670	0
1551	0
6097	0
5861	1
10390	0
5328	0
5170	1
5005	1
3190	1
6636	1
264	0
9	1
10699	1
7610	0
10449	1
2394	1
8694	0
73	0
7049	0
8805	0
7327	0
2612	1
10915	0
9934	1
3024	1
660	1
10061	1
35	1
8002	0
6966	1
9978	0
558	0
6002	1
1105	1
8343	0
9066	0
8669	1
5355	1
8917	1
9525	1
1916	0
331	1
2393	0
5973	0
9660	0
8336	0
8346	0
7514	1
6218	1
197	0
5480	1
5958	1
8989	0
10835	1
10690	0
3151	0
2993	1
7731	1
2328	0
5540	0
6113	1
1485	0
6488	1
7735	1
3278	0
1905	1
3189	0
4078	0
10439	0
1330	1
8937	0
2374	1
10675	0
5133	0
7314	1
3873	0
10994	1
1744	1
853	0
9705	1
9163	1
1650	1
3890	0
4937	1
10596	1
257	0
436	0
4786	0
10013	0
325	1
7840	1
2741	0
580	1
11245	1
9223	1
9461	1
2256	0
5279	0
1552	0
9333	1
11366	0
2964	1
4724	1
8094	1
5602	0
796	0
6616	0
7876	1
2645	1
5912	0
8933	0
5118	1
6775	0
8791	0
4679	1
6736	1
8659	1
6555	1
7256	1
3115	1
11410	0
1963	1
7933	1
8932	0
4222	0
10848	0
4464	0
6987	1
4879	0
11078	1
2752	0
10931	1
3003	0
8184	1
2482	0
8315	1
5802	1
2039	1
10408	1
5545	1
5658	0
1672	1
8146	1
4809	0
1102	1
4341	0
2592	0
10284	0
4343	0
9194	0
7540	0
805	1
3035	1
3685	0
7205	1
8816	1
2042	1
10613	1
2274	0
3936	1
7893	0
1912	0
9575	1
8955	0
10966	0
10430	0
6511	0
10721	1
5984	1
542	0
2856	1
1380	1
6521	1
8802	1
9738	1
5838	0
9664	0
4146	1
8834	0
4468	0
5152	1
603	1
5083	1
8705	1
9973	1
6226	0
8145	1
4257	1
10023	1
195	1
5113	1
8647	0
3063	0
3916	1
1176	0
1987	1
2914	1
9636	1
1436	1
5340	0
8075	0
11264	1
3638	0
10416	0
9817	0
3608	0
2178	1
11414	0
9620	1
1597	0
9484	0
5111	0
7484	0
1859	0
10598	1
2707	0
9001	1
6121	1
8789	0
258	0
5860	1
1850	0
10960	0
7165	0
9792	1
10132	1
10849	1
10914	1
9376	1
100	1
3338	0
3562	0
1545	0
10561	1
10435	0
8900	0
9128	0
1883	1
165	1
10552	1
207	0
65	0
2749	1
8555	1
4403	1
4090	0
9454	1
2116	1
3841	1
5741	0
2862	0
11364	0
5580	1
5674	1
8186	0
2329	1
7361	0
2154	0
4456	0
3625	1
7202	0
9816	1
6961	0
11332	1
9475	0
7043	1
9965	0
4001	1
3126	0
589	1
8779	0
1847	1
7438	0
330	1
7320	1
160	0
10415	1
7650	1
5472	1
6900	1
2052	1
9989	0
6804	0
1712	1
8394	0
3159	0
6207	0
1917	1
11428	1
10060	0
5773	1
11396	1
9861	1
4649	1
5042	1
11186	0
7682	1
1561	0
5584	1
9743	1
7364	0
4947	0
9249	0
6790	0
10983	0
7818	1
11314	1
4868	0
907	1
4537	1
1070	1
5673	1
4490	1
9099	0
5889	0
10719	0
514	0
962	0
5295	1
7010	0
7334	1
5628	0
2852	1
4156	1
10867	1
3331	0
5256	0
4472	0
11338	1
6340	1
9661	1
6484	1
7162	0
5555	1
13	0
2888	0
4900	0
8072	1
9431	0
4282	1
10278	1
7835	1
2141	1
6181	1
6031	1
6051	1
321	1
4870	0
5457	0
8175	0
7384	1
7726	0
8488	0
4293	0
8318	1
7383	1
7034	0
11411	1
10834	0
10487	1
6083	1
5746	1
9625	0
3312	0
6225	0
702	0
5612	0
2108	0
3212	1
2639	0
11004	1
7996	1
3237	1
6927	1
7632	1
9512	1
9245	1
1134	1
9491	0
4593	0
3510	0
7867	1
8905	0
7590	0
9049	0
2275	1
5071	1
6215	0
1973	1
10305	0
6309	1
4129	1
3107	1
4596	1
3264	1
5229	0
10326	0
5331	0
6557	0
7878	1
7046	1
6758	0
4361	0
8996	0
2759	0
6744	1
2013	1
2016	0
9844	0
1961	0
10271	1
2418	1
9802	0
7357	1
9371	0
697	0
7221	1
8188	1
3089	0
4334	1
8683	1
6497	0
2929	1
1783	1
4182	1
10678	1
2086	0
10891	0
3730	1
205	1
1677	0
10141	1
10038	1
3163	1
5173	1
4910	1
5561	0
6142	1
4453	0
11273	1
969	1
2830	1
10841	0
9056	1
6234	0
1201	0
4866	1
3996	1
840	1
9401	1
361	1
9706	0
10069	1
1129	1
9187	0
9469	0
8771	1
295	1
10086	0
7642	1
188	0
10636	0
11412	1
5053	1
8154	0
753	0
6905	0
59	0
2450	1
3363	0
8309	1
10202	0
2989	1
5907	1
4747	0
8067	0
6830	0
9382	0
10356	1
3519	1
3812	0
2988	0
2751	0
506	1
7097	1
827	1
7963	0
5637	1
6538	0
7012	0
8071	0
503	1
3311	0
9740	1
1760	0
1152	0
2477	1
3899	1
7142	1
5204	1
8160	1
3081	0
6261	1
2586	0
241	0
193	0
10750	1
6384	0
8629	1
9535	0
1376	1
2538	1
10558	1
10056	0
5210	0
121	0
3862	1
1289	0
1897	0
244	0
2327	0
20	1
8238	0
4356	1
9303	0
4732	0
4340	1
3132	0
4060	0
6785	1
6568	0
4047	1
7848	0
2508	1
7772	1
4363	1
5983	1
2050	0
9486	1
7061	1
3401	0
6404	0
10901	1
3398	0
2423	0
6563	0
6376	0
5451	1
5643	0
5780	1
8550	1
8393	1
3736	1
5798	1
5914	0
431	1
8913	1
5137	1
4725	0
4332	1
6596	1
1507	0
6710	1
6320	1
3289	0
8648	1
5650	1
7625	0
3858	0
7769	0
8614	0
9534	1
7838	1
5327	0
11259	0
10503	1
4	1
2868	1
5198	0
5931	0
2712	1
10798	1
184	0
4913	1
4131	1
5430	0
5296	0
2478	0
5157	1
10619	1
8428	0
453	1
7052	1
6640	0
10446	1
2979	1
9701	1
723	1
3030	1
6872	0
7974	0
10460	1
7634	0
1150	1
7768	1
6467	1
3370	0
2994	0
3897	0
7907	0
4074	1
9770	0
4027	0
6668	1
9818	1
10869	0
2953	1
3631	0
4719	0
6545	1
8417	0
10765	0
573	1
6645	1
7558	0
11136	0
9748	1
9493	1
71	1
293	1
4305	0
6638	1
5708	0
913	1
5232	0
7125	0
3868	0
9983	1
4382	1
1824	0
5104	0
11240	1
366	1
8308	1
9076	0
4961	0
3529	1
8322	0
8352	0
199	1
5444	1
6506	0
1741	1
11301	0
8768	0
2644	1
5999	0
324	1
3120	0
2049	0
6369	1
10481	0
529	1
11356	0
10020	0
10483	1
2284	1
929	1
8427	0
7787	0
126	0
10644	1
1456	0
10731	0
1226	0
10395	0
4167	1
8443	0
6501	1
3561	1
1635	0
4439	1
1265	0
3611	0
7030	1
2297	1
5906	1
11426	0
262	0
1003	0
8019	0
7946	0
5625	0
2447	1
10813	1
4678	0
1041	0
674	0
5670	0
10526	1
2414	0
4772	0
7667	1
3552	1
1623	0
4849	0
11403	0
5626	0
4744	0
186	0
8220	1
9878	0
5287	1
6290	0
5215	1
9639	1
4177	1
6078	0
4566	1
9181	0
3366	1
9369	1
8140	0
4828	0
2525	1
938	0
3944	1
6646	0
379	0
6544	0
11214	1
10442	1
10166	0
9785	0
1086	1
7102	0
6020	0
10363	0
2143	1
7631	0
6161	0
5404	0
8021	0
9761	0
9446	1
8914	0
10516	0
2522	1
2973	0
731	0
9263	0
7766	1
4601	0
2986	1
9220	0
4555	0
3874	1
6364	1
7754	0
7463	0
4655	0
388	0
4168	1
7958	1
10642	0
3811	0
7567	0
10087	0
6846	1
5633	0
4455	0
1426	0
1495	0
6848	0
4580	1
8173	0
7112	1
1269	0
9996	1
6510	0
10734	0
1000	0
55	0
7177	1
10729	1
8638	1
9375	1
1535	0
536	1
8676	0
1949	0
8515	1
11232	1
1901	0
3489	1
2458	0
1965	1
10838	1
2070	1
3227	1
1346	1
6654	1
5671	1
5051	0
6229	0
8158	1
6301	1
6475	0
8455	0
7190	0
133	1
6766	0
4196	1
3160	1
1756	1
1147	0
5565	0
9141	1
6703	0
1821	0
7798	0
10769	0
5208	1
5085	0
276	1
5614	1
2246	1
2091	0
9363	1
10922	0
6130	0
6433	0
7072	0
3585	1
11133	0
5691	1
3332	0
8942	0
1888	0
9496	1
6366	0
9835	1
1104	0
4277	0
4815	0
761	1
8460	0
2	0
7864	0
5402	0
9680	1
237	0
10770	1
6442	0
10184	1
1410	0
9482	0
79	0
3152	1
11401	1
3564	0
8636	1
3262	0
6938	1
10076	0
10443	0
11306	1
5062	1
3583	0
8207	0
7512	1
143	1
8011	0
4883	1
1903	1
10535	1
2375	0
2801	1
917	1
9658	1
4124	0
5151	0
1409	1
7745	0
9231	0
6851	0
3911	0
5004	0
5416	0
10689	0
1510	1
1560	1
6808	0
5415	1
891	1
1163	0
2409	0
11197	0
7370	0
2345	0
1138	1
3251	0
11149	0
830	1
6850	1
4839	1
10464	1
2618	1
4324	0
8687	1
327	0
8954	1
8921	1
2951	0
1735	0
9226	0
1489	0
9924	0
5353	0
1298	1
2714	0
5014	1
10275	0
6180	0
8712	0
6609	0
2582	1
1091	0
4757	1
5921	1
4781	1
8644	1
6381	0
154	1
10402	1
8867	0
8808	0
11100	1
4672	0
3224	1
10075	1
1012	0
2975	1
4964	0
5791	0
45	0
3643	1
8522	0
9233	1
355	0
5282	1
1022	1
10448	0
4260	1
5569	1
11180	0
7883	1
1506	1
6561	0
2863	0
4231	1
11115	0
8910	0
9545	0
2627	0
1889	0
8690	1
2962	1
3977	1
2245	0
4482	1
617	0
1325	0
1446	0
9734	1
8860	1
1868	1
10649	0
3610	0
3121	0
6738	0
6187	0
8454	1
10776	0
10799	0
7318	1
367	1
10523	0
9913	0
6251	0
278	1
3487	0
3467	0
224	1
9915	0
2603	1
8929	0
527	0
4785	0
4718	0
10167	0
2889	1
1302	1
7466	1
2513	0
4278	0
8304	1
10664	1
11032	0
11020	1
498	0
1522	1
8855	1
11312	0
4422	0
4859	1
1407	0
8864	0
10147	0
11105	0
4377	0
7517	1
9182	1
7919	0
5712	1
9373	0
9784	0
4851	1
1447	1
6036	0
615	1
3851	0
525	1
5794	0
10551	1
2528	0
2843	1
10875	0
6974	0
6292	0
9212	0
4775	0
1759	0
231	0
5591	1
1899	0
8546	1
10346	0
521	1
6737	0
8089	1
3417	0
1316	0
5665	0
8800	1
4759	1
11369	0
7031	1
8459	0
3281	1
1312	1
11316	1
3028	1
10788	1
1066	1
5701	1
7458	0
667	1
9846	0
10871	0
10011	1
5259	0
9599	0
9171	0
3938	0
6233	0
6426	0
3709	1
4311	0
10118	0
5183	0
11049	0
9383	1
8172	0
6279	0
10709	1
1743	0
592	1
6143	0
3033	1
9577	1
9145	1
8796	0
5050	0
2292	0
11399	0
8106	1
3997	1
7706	0
10489	1
2887	0
1544	0
9250	0
8424	1
2869	0
115	1
3789	0
11263	1
2570	1
3522	0
7135	0
1766	0
2546	1
2936	1
4141	1
9894	1
5961	0
496	1
6500	1
1406	0
9745	1
1207	1
3293	0
3902	1
10176	1
504	1
8244	0
4025	0
7283	1
1863	1
8972	0
3351	1
9603	1
677	0
6548	1
10650	0
3547	0
7997	1
3170	1
6864	1
6672	0
11354	0
11125	0
6086	1
11359	0
10573	1
6962	0
10861	0
1978	1
1669	0
9724	1
6945	1
6860	1
4676	1
5944	1
461	1
10760	0
10860	0
9633	0
3388	1
1202	0
3287	1
7891	1
5818	0
3484	0
6306	0
1430	1
5318	0
3516	1
4004	0
3918	1
5483	0
8504	0
2313	1
7599	0
6408	0
5644	1
5188	1
5181	0
3111	0
9468	1
4405	1
7781	1
9790	0
699	1
1732	1
153	1
1935	0
8747	0
8367	1
3473	1
1559	1
10303	0
3615	1
6686	1
4011	1
2373	1
2602	1
5125	0
836	1
6464	1
8579	1
1005	0
4475	1
9803	0
9348	0
3742	0
6066	0
2170	1
2483	0
4228	1
602	1
9671	0
764	1
2838	0
8476	1
5853	1
9610	0
1146	1
8235	1
10331	1
9423	0
5024	1
5734	1
5100	0
1880	1
10471	1
7964	1
4394	1
4165	0
7788	0
5411	1
6138	0
11103	0
4585	0
4300	0
6275	1
6626	0
3358	1
4119	1
4589	1
6911	1
7523	0
6336	0
10711	1
9311	1
9649	0
991	0
6363	1
6354	1
9110	1
11137	1
1455	0
3109	0
8371	1
10304	0
1982	1
10441	1
8795	1
4076	1
5090	1
7695	1
11039	1
3334	1
855	0
8501	0
10232	1
4745	0
7816	0
11419	1
6648	0
1593	1
8254	1
8291	0
6651	0
1194	0
3495	1
2721	1
2891	0
6954	1
9694	0
3672	0
8688	0
7464	0
10394	1
10412	0
2634	1
7396	1
10159	1
8637	0
10116	0
5972	0
7486	0
7006	0
9873	1
2030	1
7423	1
10509	0
369	0
1287	1
10985	0
399	0
4561	1
2997	1
5900	0
6399	1
6302	1
7832	1
2058	0
5652	0
8559	1
2972	0
861	0
7993	1
10626	1
1619	1
1396	1
4817	0
1135	1
3397	1
391	1
6529	0
9655	0
5002	1
2537	1
10463	1
1047	0
292	1
3407	0
2191	1
10165	1
5424	0
11400	1
10615	0
8033	0
7615	0
1001	0
8126	0
8470	1
9289	0
6955	1
2575	1
4123	0
5583	1
10154	1
1344	0
4882	0
6800	1
10465	0
5551	1
9682	0
2655	0
5890	0
4575	1
8699	1
6772	0
6425	0
10387	1
5617	0
9857	1
8763	1
10065	1
8859	1
512	0
8128	0
8151	1
9322	1
1329	0
7082	0
1942	0
2959	0
3886	0
3290	1
11088	0
3748	0
768	1
420	1
1089	0
11187	0
11116	0
1440	0
3447	1
8568	0
4670	0
127	0
11142	1
1946	0
3746	1
337	0
2761	0
8435	0
3586	0
9772	0
8046	1
713	1
7107	0
1828	0
4659	1
3871	1
5392	1
11037	1
2949	1
2449	1
10197	0
6268	0
4567	0
5316	0
4328	1
7730	1
1154	1
4685	1
3016	1
6015	1
583	1
10882	1
2885	1
1306	0
10728	1
3057	0
2257	1
454	0
8684	0
7254	1
8957	1
1608	0
4559	1
6673	1
11057	1
6262	0
4958	0
897	0
5484	0
9948	0
1043	0
10854	1
4783	1
8253	0
10941	0
1453	1
1887	1
7262	0
11079	1
2656	0
2876	0
7982	0
3983	1
2169	1
10126	1
161	1
5523	0
6867	0
2241	1
3069	1
8228	1
8147	1
2938	0
5479	0
1124	0
2376	1
10733	1
1720	1
1739	0
8499	0
6105	1
5396	1
9430	0
9328	0
3067	0
6019	0
9116	0
10611	1
7274	1
3620	1
1418	0
7385	1
3042	0
693	0
2318	1
1040	1
5548	0
5767	1
7930	1
4975	0
3765	1
10374	1
6045	0
4795	1
2346	0
5153	1
930	0
8801	1
9201	1
6094	1
2607	0
10032	1
4281	0
9667	1
118	1
5705	1
7073	1
11219	0
8439	0
9691	1
7093	0
8706	1
4138	1
11114	0
114	1
3701	0
10676	1
3049	1
2122	0
3492	0
4557	0
3657	1
11093	0
8946	0
9540	1
4379	0
10295	1
2579	1
8928	0
9650	1
6098	1
1350	1
9438	1
8090	1
9771	1
2153	0
10862	1
10529	1
10262	0
2556	0
5610	0
3188	0
10617	1
2410	0
8030	1
5323	0
4899	0
10527	1
10880	0
3508	0
9673	1
8294	0
5374	0
682	1
1679	0
8401	1
9007	1
1716	1
5638	1
2883	0
6689	1
7053	0
9168	1
6527	1
10785	1
10550	1
9888	0
1998	1
67	1
5745	1
8538	1
10382	0
4877	1
7239	1
2926	0
5373	0
1206	0
11147	1
5132	0
10089	1
7279	1
6515	0
7947	0
7948	1
7116	1
7929	0
6456	0
8123	1
11347	0
10353	0
6386	0
1108	0
9538	1
1602	0
8391	0
4461	0
5986	0
1467	1
227	0
5843	0
9795	0
4255	0
8314	0
3669	0
1754	0
422	1
6155	1
9580	1
1797	1
9869	1
5510	1
6393	0
1695	1
1334	0
8756	0
6170	1
2915	0
5184	0
247	1
6383	0
10669	0
3663	1
181	0
3207	0
2194	0
9699	1
9153	0
1184	1
7418	0
3414	0
5828	1
2925	0
2015	1
9270	0
3993	1
5431	0
9474	1
11247	1
7872	0
1956	1
7251	0
5138	0
5206	1
9985	0
8519	1
9012	0
2990	1
10178	1
3509	0
4553	0
4542	0
6522	0
4916	0
9751	0
3009	1
4484	1
9424	1
4443	0
1862	0
9010	0
10584	0
6212	1
1361	1
8159	1
7617	0
4847	0
11002	1
6100	0
4372	1
8742	1
464	0
455	1
1367	0
7356	1
8092	0
11128	1
10528	1
2581	0
1659	0
3349	0
993	0
1653	0
8407	1
2444	1
1062	0
7529	1
4391	1
641	1
7698	1
486	0
1404	1
7571	0
4643	1
9492	0
6498	1
7048	1
755	0
5871	0
10040	1
2080	1
4641	0
5806	0
3317	0
9387	1
5027	1
5526	0
6599	1
5742	1
7824	1
1791	0
6385	1
11111	0
8044	1
4172	0
1715	1
8451	1
5525	0
8117	1
3534	1
5034	0
7342	0
8509	1
7038	0
5315	0
3313	0
3426	1
2802	1
1235	0
9607	0
5095	1
9900	0
10796	0
1752	1
2902	1
4758	1
653	0
1244	1
2638	0
4830	1
4381	1
3609	0
3895	0
3857	1
4207	0
1951	0
6982	0
5200	0
3169	0
8121	1
8388	0
9777	0
4306	1
6552	0
11395	1
5293	1
6249	1
7146	0
234	1
9814	1
7725	0
6798	0
5616	0
788	0
982	1
10595	0
10890	0
1357	0
8675	1
2534	1
10525	1
9565	1
2445	0
4067	1
11153	1
2344	0
4767	1
6004	1
10216	0
11297	0
794	0
9084	1
4790	0
8240	1
2679	1
8746	0
8518	0
5821	0
9411	0
5352	1
6359	1
1553	1
2224	1
6490	1
9903	1
5241	0
10654	0
9146	0
719	1
2606	0
2127	1
9307	0
9053	1
10365	1
8138	0
9612	1
4906	0
8287	1
10652	1
7365	1
10852	1
1158	1
4814	1
344	1
7193	0
515	0
5873	1
8008	1
7004	1
5837	0
650	0
5387	1
10121	1
10084	1
5949	1
582	0
9329	1
3318	0
11409	1
10149	1
5585	1
2520	0
4109	1
1342	1
10383	0
11060	0
9707	1
2822	0
11329	1
11290	0
8275	1
8167	1
7976	1
9388	1
4703	1
3832	0
10024	1
951	1
9271	0
6813	0
8635	1
4211	0
8150	0
5176	0
2187	1
9507	0
8856	0
1654	1
7369	1
7683	0
3630	0
6157	1
8192	1
9781	0
10173	1
10559	0
7175	1
7900	1
9304	0
9656	0
9780	1
3302	1
7952	0
8968	0
6819	0
1492	0
2225	0
3542	0
665	0
7547	1
4823	1
9020	1
1106	1
4143	1
567	0
6951	1
5342	0
2300	1
9062	1
10747	1
6967	1
9253	0
9471	0
10021	1
6660	0
8114	0
11278	1
10476	1
1388	0
8474	0
1705	1
3429	1
7083	0
7090	1
5615	1
3646	0
7611	1
4572	1
4295	0
3328	0
5938	1
888	1
2615	1
5438	0
10316	0
3373	0
3869	0
8980	0
620	1
8103	1
4183	1
2420	1
10484	0
742	1
8110	0
3268	0
8052	1
2940	1
8283	0
976	0
2501	0
10806	0
1037	1
6452	1
9453	1
4890	1
10432	0
9480	0
1308	0
4380	1
1472	1
10896	0
8404	0
151	0
7427	1
10265	0
7662	0
222	1
10287	1
2769	0
4184	0
6727	1
5250	1
9050	1
7624	0
8479	0
10473	0
752	0
9185	1
6238	1
6863	1
5696	1
5127	1
1969	1
36	0
10614	1
8013	0
5213	0
10370	1
5700	0
8402	0
5305	0
5529	0
6658	1
6891	0
3737	1
2233	0
3616	0
1784	0
9377	1
2443	1
5268	1
11	1
483	0
3686	1
1270	0
11159	1
6631	0
2847	1
10434	1
1405	0
2708	0
5246	0
10562	0
10364	0
3539	1
9154	1
2158	0
2310	0
10831	0
5026	0
9405	1
2228	1
3304	1
9551	1
11101	0
9370	1
291	1
5814	0
3177	1
5201	1
1432	1
3795	1
9143	1
9409	1
3739	0
7743	1
1864	1
4714	0
3986	0
8943	0
9164	1
4892	0
2433	1
2140	0
1550	0
5442	1
4543	0
1085	1
6748	1
4674	1
2383	0
3667	0
8412	1
7871	1
8062	1
5135	0
2085	0
1297	1
8761	0
3661	0
7304	1
4037	0
9442	0
999	1
3333	1
10667	1
6307	1
6448	1
10296	1
281	0
3648	1
5324	0
1249	0
10524	1
4397	0
4614	1
9641	0
5836	0
11227	1
780	0
5303	0
11315	0
5927	0
2768	1
5903	1
4312	0
711	0
4778	0
11254	0
3971	1
6465	0
10043	0
5260	0
4784	1
10963	1
217	1
7581	0
9729	1
4399	0
9286	1
6179	1
998	1
10957	1
6698	1
10273	1
9933	1
2084	0
1958	0
2464	0
560	1
8390	0
10752	1
7785	1
876	1
4220	1
2457	0
6255	1
767	0
7920	0
7913	0
6975	0
9256	1
1638	1
5190	1
3064	0
7270	1
1097	1
1865	0
10756	0
7311	0
7317	1
9601	1
7737	1
2212	1
2831	0
9287	1
2619	0
4610	0
801	0
4354	0
1702	0
2073	1
1088	0
6786	1
4140	0
789	0
6747	0
10053	1
10203	0
3955	1
4704	0
9592	0
2589	1
1750	0
7439	1
3327	1
737	1
3566	1
4642	0
7724	1
1279	0
5532	0
2530	0
2590	1
2472	0
2451	1
4309	0
9258	0
5012	0
7588	0
7910	1
1365	0
8617	0
8523	1
3441	0
6941	1
7291	1
5975	0
7654	0
3255	1
1793	1
6056	0
9127	0
5065	1
9045	0
6173	1
3992	0
10114	0
3934	1
11407	0
9584	0
10902	1
1945	1
6937	1
2531	1
202	0
9845	0
2188	1
8616	0
10042	1
7195	0
3954	0
6719	1
6174	1
7663	0
8825	0
8992	0
10122	1
988	1
5752	1
799	0
2739	1
3979	1
6156	1
8772	1
6038	1
10310	0
9572	0
8935	1
3872	0
3494	1
3350	0
601	0
4603	1
6466	1
1966	0
5600	1
10961	0
591	0
505	1
10843	1
4889	1
1233	0
2913	0
7410	0
3676	1
263	1
1394	1
6781	1
9006	1
8711	1
3726	0
1979	1
2750	1
5796	1
3400	0
9587	1
9982	1
906	0
6435	1
6629	0
2235	0
9995	1
8091	1
6324	0
7413	0
10254	0
1286	1
5429	1
6650	0
1326	0
3830	0
14	1
4615	0
7227	0
6411	0
5729	0
2462	1
4368	0
2111	0
1164	0
1417	0
11243	1
8561	0
2065	0
8248	0
7485	0
6373	1
3764	0
11096	1
2991	1
6989	1
7795	1
5603	0
8764	1
7414	0
10234	1
6621	0
4445	1
4825	0
10378	1
5020	0
8093	0
10566	1
10742	0
7044	1
10354	0
7732	0
2336	0
155	1
11126	0
5485	0
5075	1
9980	1
10486	0
11099	1
425	0
732	1
749	0
8171	0
10982	0
5388	0
6657	1
9561	0
2120	1
1976	0
9309	0
9504	0
9124	0
6010	1
1359	1
9879	1
10046	0
11310	1
8848	0
4844	1
9602	1
3247	0
5943	1
490	1
9319	0
6240	1
3176	1
4503	0
2771	1
5134	0
7063	1
2347	1
8993	0
2356	1
7854	1
11201	1
3834	0
5251	1
2185	0
2222	0
5224	0
7638	1
11244	0
710	0
1988	1
2167	0
4515	0
4351	1
3130	0
784	1
1282	0
1119	1
9360	0
3348	1
9308	1
7172	1
10844	0
6431	0
1486	0
250	1
6996	1
6803	0
3419	0
75	0
2189	0
5223	0
691	0
5143	1
5144	1
2495	1
5096	0
2641	0
10164	1
8840	1
7340	0
8891	0
6930	1
10513	0
6299	1
2552	1
2000	1
1565	0
636	1
2845	0
3215	1
8573	0
2075	0
2272	0
1352	0
3279	1
550	0
3550	1
2118	1
8562	1
1060	1
5965	0
2251	0
6590	1
10454	0
10851	1
8530	1
8251	0
3404	1
9242	0
3870	0
3778	1
3422	1
8496	0
5998	0
304	0
10276	1
7395	1
8280	1
605	0
3180	1
1222	0
7105	0
2502	0
8132	0
2937	1
759	1
412	1
5854	1
105	0
2076	0
3548	0
5893	1
2236	1
3990	0
8350	1
2601	0
1336	0
8174	1
2192	0
10885	0
9522	1
1893	0
9204	0
448	0
8899	0
6495	0
1468	0
576	0
2497	0
8606	1
673	1
5988	0
4909	1
49	0
6333	1
3440	1
1569	1
9657	1
10792	0
125	0
2500	0
9343	0
8782	1
645	0
2706	0
6699	0
3649	0
6221	0
3961	0
1968	1
652	1
2982	1
4347	0
9779	1
9112	0
8074	1
11177	0
2614	0
4480	1
1989	0
5452	1
9794	1
4897	1
10671	1
10687	0
1439	0
8206	0
3925	0
3112	0
9316	0
708	1
7057	0
9261	1
9144	0
3887	1
6069	0
3833	1
11328	0
10757	0
235	1
9126	0
11224	1
2017	1
8696	0
288	1
10943	0
6162	0
9085	1
6888	0
7115	0
7856	1
3847	1
11077	0
4318	0
1531	0
7693	0
6551	1
8581	0
1461	1
8157	1
7430	1
3335	1
5276	1
610	1
1488	1
6107	0
3437	0
10497	0
8461	1
1512	0
2398	1
2372	0
1729	1
9481	1
1415	0
11262	0
7957	0
8863	1
6361	1
9073	1
7908	0
648	1
3205	1
6907	0
8012	1
10520	1
4243	0
8081	0
5469	1
2124	1
9638	0
7469	0
10965	1
102	1
2932	1
3995	1
10063	0
8213	1
2930	1
7363	0
7550	0
2998	0
570	0
6057	0
1822	0
7008	1
4544	0
8264	1
8263	0
271	0
6310	0
8161	0
7556	1
9674	1
2825	1
3452	1
1772	1
10117	1
8971	0
10542	1
5595	1
2446	0
10781	1
9460	1
6478	0
781	0
7509	0
7493	1
6053	0
5519	0
5023	0
10820	0
10177	1
5707	1
4437	0
9945	0
1240	0
8931	0
1143	1
5594	0
4743	1
108	0
2471	1
6458	0
6695	1
2646	0
7751	0
7096	1
7744	0
7421	0
397	0
364	0
3500	1
8887	0
5289	0
1157	1
405	0
2135	1
5846	1
11402	1
3650	0
3413	1
170	0
9755	1
6265	1
4274	1
9107	1
6674	0
8534	0
2340	0
6607	1
2536	1
2078	0
3932	1
4697	1
214	1
1959	0
10319	0
2577	0
11166	1
8685	0
3416	0
3788	0
9225	0
1709	1
952	0
4582	1
575	0
2533	1
10226	1
1428	1
5556	0
8143	0
10827	1
5792	1
8600	0
1558	1
4640	0
9582	0
4974	1
10793	0
1995	0
718	1
2470	1
8250	0
4483	0
8202	1
6453	1
268	1
5857	0
10618	1
1438	0
5675	0
4731	1
5749	0
985	0
254	1
807	1
6235	0
5568	1
438	1
10990	0
2866	1
5386	0
9928	0
6287	0
5887	0
1627	0
383	1
6132	1
8666	1
1182	0
1781	1
11222	1
3472	1
8807	1
3684	1
2046	1
7002	0
1962	0
10007	0
4942	1
8869	0
7068	0
6349	0
10168	0
477	1
686	1
11196	1
8058	1
6750	1
7047	0
3410	0
4696	1
6950	0
2119	1
5511	1
2729	0
209	0
6111	0
7874	0
10209	1
56	0
10169	1
4016	1
950	0
113	0
8759	1
7690	1
9209	1
3343	1
2278	0
3093	1
6934	1
8977	0
3861	1
4429	1
3234	1
11275	1
4528	1
6351	0
10995	1
8170	0
1765	0
2816	1
381	1
692	0
6232	1
10865	0
8290	0
7094	1
3683	0
5018	1
9266	0
4469	0
11073	1
9518	0
5832	0
510	0
9896	1
6919	0
6236	0
362	0
10194	1
1337	0
5422	0
10174	0
8981	0
9521	1
2919	0
994	0
3039	0
9513	1
10673	0
1497	0
7114	0
2021	1
4932	0
3782	0
6589	1
11151	0
9361	0
2784	1
9294	1
11005	0
7451	1
4376	0
1491	0
8212	0
2790	0
3813	0
11144	1
4578	1
6160	0
9979	1
1366	0
8487	1
9178	1
2242	0
7554	1
2828	1
6823	1
299	0
11119	0
9160	0
5769	0
2523	1
5672	0
2917	0
9033	1
540	0
3141	1
5605	1
10048	1
8375	0
3975	0
5530	1
4520	1
6840	1
8257	1
5657	0
4427	1
1192	1
1528	0
2791	1
1563	0
7062	1
9969	0
9645	1
2279	0
320	1
3800	0
10213	1
4908	1
2197	1
10723	1
7562	0
5490	1
6581	0
10308	1
8874	0
9500	0
11295	1
6260	1
132	0
6283	1
1281	0
8060	0
4944	1
899	0
353	0
5727	0
7230	0
9683	1
10670	0
642	1
2742	1
10142	0
7159	1
8038	1
4534	0
1450	0
11258	1
4702	1
1647	0
9342	0
6108	1
9516	0
10403	0
9731	0
5725	1
4579	1
7345	1
2382	0
8432	0
3882	1
11041	1
8426	1
1241	1
4858	0
9570	1
9951	0
10266	0
447	0
1263	1
5719	1
7574	1
8338	0
6472	0
6012	1
1733	0
4247	0
10467	0
103	0
8351	1
3412	1
8122	0
6720	0
736	0
338	0
10329	0
7148	1
9614	0
3257	0
4948	1
886	1
3951	1
47	0
4754	1
7639	0
10999	1
8862	1
9351	0
10493	0
9908	1
5142	1
8607	1
701	0
501	0
9893	0
11372	1
7479	0
8610	1
1683	0
631	1
8517	1
2793	1
3829	0
678	1
8464	1
8722	1
4499	0
5108	0
2963	1
842	0
8987	0
6039	0
743	0
8354	1
8289	1
2663	0
4565	0
2352	1
5654	0
10505	1
4723	0
3787	0
8232	0
870	1
8665	0
7341	1
7498	1
5420	1
10808	0
748	1
9783	0
1014	0
5930	1
9296	1
3660	1
8681	1
6866	0
6853	1
6272	0
6046	1
3560	0
1907	0
1465	1
6144	1
6481	0
6505	1
7845	1
977	0
4760	1
7884	1
7459	0
3131	1
2033	0
5311	1
6663	1
8197	0
1549	0
10693	0
8255	1
10392	1
2226	1
4415	0
1053	0
10059	0
9842	0
1699	0
4089	1
3183	1
9800	0
10270	0
415	1
5182	1
3711	0
10647	1
4663	1
10549	1
9404	1
8777	1
1875	1
10225	1
5951	1
9789	0
1195	1
6005	0
9838	1
9034	0
3848	1
5309	0
1910	1
7070	1
6197	1
6311	0
6718	0
10280	1
3280	0
6876	1
7598	0
5281	1
1827	0
6029	1
3695	0
6946	1
8818	0
4066	1
4618	0
11029	1
3469	0
7955	0
11351	0
8622	1
1166	0
5748	1
3211	0
10857	1
8545	0
9863	1
8923	1
10571	0
5046	1
9847	0
3966	0
2788	1
7999	1
9174	1
5077	1
8297	1
4966	0
7095	1
7822	1
11109	1
6294	0
2624	1
1030	0
2276	1
9628	1
3776	1
8612	0
4793	1
10774	0
9108	1
4992	0
11123	0
11122	0
10768	1
7707	0
1045	0
11176	1
10586	0
3605	1
6082	1
5940	1
7240	0
1885	0
8872	1
451	0
9384	1
6150	0
9463	1
7652	0
6572	0
8061	1
1615	1
9499	0
9040	0
3460	0
6414	1
8720	1
5164	1
9196	1
4819	0
3322	1
4903	1
4432	0
10881	1
3241	1
8973	0
11373	1
5533	1
5710	1
3773	0
1501	1
7805	1
7749	0
3062	0
4330	0
4647	1
3218	0
5575	1
7461	0
4144	0
10858	0
9563	0
1802	1
7859	0
5717	1
6977	0
4554	0
1607	0
6175	0
2935	0
6203	0
10128	1
2349	1
856	1
2647	0
3110	0
7722	0
10355	0
10221	1
6154	0
5826	1
4294	1
579	0
7241	1
2558	1
3677	0
4761	0
5997	0
3999	0
2068	0
2341	0
6634	1
2208	1
7388	1
2846	1
2861	0
7409	0
8169	1
7372	0
11051	1
2652	0
3835	0
2999	0
8658	1
11021	0
9865	0
9769	1
6644	0
7821	0
3405	0
8258	1
8130	1
8528	1
5779	1
5702	1
11015	1
5917	1
3214	1
7708	1
4560	0
5916	1
8916	1
2001	0
7799	0
11337	1
68	1
4063	0
10630	0
3034	1
8115	1
8135	0
10870	0
2630	1
9539	0
5936	0
2654	1
1770	0
4763	0
10299	0
9019	0
1126	1
4981	0
57	1
8849	1
1598	0
2798	1
5825	0
3965	1
4755	1
6378	1
1690	1
8440	1
8505	0
7433	1
5760	0
5380	0
7985	0
3804	0
7307	0
10557	1
2337	0
2243	1
6286	1
10624	1
937	0
2401	1
3647	1
6998	1
286	1
5550	1
2097	1
8868	0
8274	0
4246	0
11094	1
1331	0
7397	1
7406	1
9356	1
795	1
9039	1
4912	0
6356	0
6067	1
1288	0
6486	1
5800	0
1117	0
10873	0
4460	1
4517	0
179	0
4092	0
1665	1
9917	0
1036	0
5158	1
11195	1
1321	0
1812	1
6474	0
2334	1
130	0
1141	1
6273	1
4855	1
1682	1
663	0
6549	1
10242	0
4671	0
5243	0
11300	1
5899	1
3518	1
11193	1
7328	0
3041	0
9708	0
7585	1
1504	1
1115	1
6208	1
3369	0
3506	1
2857	0
4005	1
5115	0
2107	0
534	1
2711	0
1063	1
10597	0
8497	1
5437	1
7260	1
3733	1
6714	1
10818	1
5488	1
843	0
11076	0
5546	0
8835	0
9396	1
10380	0
9944	0
4741	0
6447	1
9123	1
6587	1
10427	0
9379	0
6583	1
6656	0
9902	0
10533	1
10003	1
9581	0
10730	1
2794	0
1644	1
7676	1
3066	1
9434	0
826	0
2992	1
9465	0
226	1
6746	1
11009	0
4901	1
10279	0
7310	1
2100	1
10951	0
3068	0
10580	0
4205	1
6531	0
3389	1
11074	0
2262	1
5000	0
3394	0
7039	1
10506	1
3022	1
6152	0
7434	1
9200	0
6836	0
2746	1
657	0
10082	1
7589	1
6412	0
6560	0
2131	0
1567	1
7972	0
4335	0
4135	1
1341	1
5858	0
9632	1
8645	1
1414	0
10470	0
10532	1
10918	0
9297	1
2696	1
3139	1
8717	0
4082	0
9757	1
10727	1
9077	1
9352	0
9819	1
6871	0
599	1
6802	1
7359	1
6782	0
10702	0
9805	1
5772	0
6300	1
6296	1
7346	0
5076	0
5653	1
7478	0
62	1
6424	1
6519	1
10554	0
7267	0
4841	1
10218	1
2874	0
10034	1
7932	1
152	0
4592	1
3919	0
1186	1
8345	0
4988	0
10485	0
5277	0
1125	0
6316	1
5908	0
4387	0
131	1
4539	1
2974	0
10522	1
11404	0
1841	1
9151	0
3128	0
8514	0
1353	1
1347	0
2020	0
859	0
7633	1
5738	1
9718	1
7746	1
6968	1
1057	0
5401	1
9813	1
3549	1
7664	0
6266	1
9821	1
5025	0
1464	0
1519	0
10010	1
4821	1
9986	1
7687	1
7179	0
8695	0
10830	1
5475	0
6767	0
5730	1
7275	0
1835	1
5816	0
3775	0
5148	1
1431	1
2649	1
1028	1
7671	0
656	1
9590	1
10887	0
2098	1
4894	0
9793	1
7666	1
5192	1
4982	1
473	1
7727	0
5990	1
8494	1
11394	0
5684	1
10658	1
3827	0
6754	1
3168	1
10587	1
4808	0
9028	1
3453	1
7232	0
9440	1
5629	1
6956	1
6991	1
5124	0
5433	1
2295	1
1055	0
4991	0
4669	1
9340	0
1796	0
7258	0
2604	1
9860	1
8541	1
8760	1
178	1
6827	0
3294	1
4887	1
7373	0
8569	0
557	1
287	0
5598	1
465	0
10054	1
9105	0
7294	1
163	0
7120	1
4739	1
4550	1
7800	0
10072	1
8098	0
2227	0
7782	1
7454	0
10104	1
10778	0
2252	0
6459	0
3555	1
4498	0
6667	0
3901	1
3876	0
1599	1
5709	1
3569	1
5692	1
8738	0
7968	1
11152	0
3606	1
1099	1
10809	0
1725	0
4273	1
3462	1
1093	1
5513	1
2211	1
8986	1
10261	1
8982	0
4861	0
385	0
3892	1
9832	1
8628	1
5543	1
5161	1
6588	1
1792	0
3852	0
7522	0
9221	0
4210	0
1216	0
147	1
3047	0
11112	1
1721	1
6199	0
1118	1
11208	0
7015	1
2431	1
520	0
2012	0
10877	1
1499	0
2213	1
5909	0
10345	0
2970	1
4181	1
7851	1
1204	0
9971	0
7192	0
167	1
12	1
7609	1
5775	1
7839	1
5258	1
9606	1
10987	1
7473	0
7810	0
1820	0
2903	0
7736	1
10397	1
120	0
4884	0
1049	1
495	0
3963	1
6092	1
1927	1
6438	1
4338	1
933	1
10894	1
725	1
8564	1
10466	1
8784	0
598	0
4416	1
10030	0
7541	0
11069	0
6278	0
687	1
10340	1
9836	0
6723	0
7206	0
8465	0
3935	1
3434	0
8182	1
4511	1
1490	1
6200	0
8422	1
10900	1
3490	1
7011	0
9398	1
2117	0
6578	1
814	1
6406	1
9443	1
8086	1
2532	0
6632	0
9054	0
7471	0
7207	0
5980	1
1362	0
4624	1
9622	1
5870	1
10930	1
8661	1
5486	0
8153	0
552	0
6003	1
10805	0
9195	0
2265	0
7685	0
4476	1
5030	1
975	0
1874	1
84	0
8452	0
4254	1
6697	1
297	1
5713	1
8575	1
4056	0
4002	0
519	1
5262	1
9508	1
6627	0
813	1
6675	1
4218	0
7022	0
4194	1
9119	0
2529	1
11010	1
7494	0
8975	1
1999	1
2733	0
9831	1
6903	1
1228	1
3504	0
4458	0
9569	0
7521	0
8674	1
7180	1
10563	0
4370	1
2390	0
4488	0
6743	0
936	1
10067	1
8276	1
4486	0
2775	1
4562	0
10777	0
524	1
3017	1
1817	1
4113	0
9390	0
3735	1
6331	1
5512	1
9186	0
6073	0
561	0
1584	0
4157	1
2681	0
10462	1
7560	0
5264	0
4675	0
1509	0
4720	1
9811	0
9609	1
5320	0
11378	1
5793	1
8017	1
3270	0
326	1
3822	1
11130	1
9976	1
2294	1
4636	1
4130	1
7077	0
4150	0
487	1
309	0
9055	0
9416	1
267	1
9593	1
5345	1
3204	0
9558	0
7452	0
3045	1
5833	1
7220	1
10592	1
8450	0
11424	1
10222	1
8097	0
7188	1
1734	0
4551	1
1261	0
6759	0
11325	1
4717	0
5777	0
6610	1
10288	1
10948	0
895	0
142	0
11413	0
8363	0
5492	1
7343	0
3915	1
7658	0
10745	0
1480	0
3949	1
7086	0
5414	1
10314	0
2682	0
5553	0
1082	0
4485	1
2809	1
10496	1
7368	0
3481	0
8598	1
730	0
2160	0
3592	0
5942	0
8495	0
4634	1
9029	0
1823	1
1675	1
5848	1
9293	1
1403	0
7703	0
3759	1
1971	1
3885	0
9630	0
629	0
228	1
11213	0
7823	0
7309	1
5231	0
8471	0
8416	0
4008	1
7536	0
255	1
9906	1
5813	0
2923	1
9791	0
2557	1
3503	1
6058	1
3070	0
9662	1
6128	0
7803	1
1217	0
9532	0
4242	0
803	1
3395	0
7712	0
5376	1
10962	1
7618	1
5079	0
9688	0
8131	1
4052	1
9353	1
2758	0
8804	1
5255	0
5369	0
10537	0
9709	0
7879	0
10762	0
4541	1
11061	1
9531	1
3856	0
596	0
9288	0
10195	1
2685	1
7629	0
9923	0
10884	1
5326	1
7121	1
9723	0
9198	1
8124	1
3825	0
5950	0
10290	1
4095	1
8437	0
2920	0
3020	0
2237	1
7532	0
3269	1
6885	1
5230	1
3117	0
9843	1
9111	1
8433	0
5377	1
4602	0
3824	0
6685	1
6912	0
2704	0
1932	0
1077	1
4142	0
6048	0
6	1
409	1
8883	1
5334	1
3203	0
6009	1
5036	1
10570	0
6106	1
8588	0
492	1
7573	0
3060	0
9137	0
7563	1
7488	1
2291	1
10531	0
9648	0
5915	1
5031	0
7153	1
5163	1
1351	0
2653	0
3772	0
714	0
881	1
4954	1
10579	1
7212	0
7621	0
8339	1
4878	1
10103	0
3027	1
8457	1
6512	1
6721	0
7127	1
10741	1
11048	1
1019	0
460	1
6835	0
9325	0
8566	1
9101	0
4091	1
10325	1
10208	0
8734	1
7680	1
10098	1
3794	1
8844	0
3430	0
4431	1
8326	0
5747	1
4604	1
8421	0
8036	0
4558	0
3937	1
2796	0
9644	1
10461	1
3465	1
7877	1
8181	0
5338	1
8279	0
9232	0
10759	0
1586	1
1568	0
4818	0
10876	1
1266	1
11340	1
10492	0
2896	1
4160	1
3950	1
10088	1
10802	0
1592	0
8142	1
6696	0
5453	0
7499	0
931	0
4180	0
8650	1
11362	1
8879	1
1076	0
6166	1
9018	0
5498	0
3446	1
9488	1
4673	0
9246	1
11143	1
10637	1
5728	0
1315	0
1292	1
593	0
6190	0
6271	0
6628	0
2493	1
6614	1
1142	1
11260	0
3502	0
7607	0
8100	1
5080	0
3223	1
5067	1
9274	1
1056	1
211	1
8532	1
10236	1
10028	0
10223	0
5891	0
4333	1
2009	0
9399	1
9681	1
1227	0
6780	0
10538	0
2079	1
7246	0
4115	0
10804	1
3758	1
10946	0
979	1
3570	1
9596	0
4099	0
927	1
7455	1
5378	1
8298	1
1293	0
2109	1
2924	1
10248	1
2730	0
10243	0
11188	1
7765	0
9251	0
3541	1
1861	0
6882	0
4862	0
9940	0
3390	0
10897	1
1921	0
7186	0
2022	0
64	0
2062	0
10312	1
1538	0
1389	1
8066	1
4840	1
213	0
6186	0
8535	1
10826	1
4314	0
10036	0
4003	0
2260	1
10145	1
9462	0
511	0
8392	0
5081	1
9429	1
3579	0
3845	0
7191	0
5399	0
11277	0
1327	0
5112	0
137	0
5261	1
1493	1
8486	0
9600	0
6518	0
932	0
1052	0
1427	1
10438	1
10713	1
2737	1
2732	0
11287	1
3597	0
1704	1
5425	0
9621	0
2505	1
968	0
8689	0
8572	1
6401	0
5471	1
3956	0
6192	0
10536	0
6193	1
9255	0
4430	1
8643	1
9422	1
4658	1
5266	1
1641	1
9583	1
5718	0
5149	0
8858	0
8556	1
9588	1
9312	1
4538	1
1628	1
2064	0
8854	0
754	1
6345	0
1191	0
10196	0
762	0
2680	0
2293	1
111	0
4259	0
10680	1
666	1
2441	0
8462	0
3640	0
623	0
628	0
10807	0
2324	1
6328	1
9974	1
4033	1
4529	0
8590	0
1580	1
3697	0
8278	1
997	0
372	0
4581	1
5981	0
7442	1
63	1
2125	0
6030	1
2400	1
10477	1
2806	0
1906	1
5466	0
11318	0
1238	0
8296	0
6682	0
11239	1
2621	1
8478	0
4959	0
9254	0
6579	0
3767	1
7157	1
10041	0
4402	1
1614	1
746	1
9937	1
6916	0
7809	1
8540	1
8787	1
5478	1
2475	0
10706	1
8000	1
7003	1
8780	1
1016	0
978	1
1879	1
6440	1
5454	0
3817	0
1029	1
6405	0
1136	0
7742	0
2873	0
6231	1
1826	1
7324	1
10672	1
8817	1
2238	1
2812	0
280	0
9088	1
6741	1
3129	0
5898	0
2156	1
3931	0
6717	1
1648	1
2572	0
10008	0
1189	1
7773	0
11003	1
7187	1
5412	0
9023	0
9867	1
1116	0
4263	1
7506	0
4367	1
7657	1
8906	1
10404	0
1474	1
117	1
6206	0
2007	1
4526	0
1500	1
10694	0
313	1
408	0
4994	1
4656	0
8995	0
10079	0
6890	0
2088	1
4358	1
3629	1
4990	0
8652	0
2244	1
7949	0
11023	1
800	0
1804	0
2172	0
10790	1
9021	0
4710	0
11167	1
7394	1
2215	1
10283	0
2764	1
196	0
9999	1
3906	1
4077	0
7513	1
6297	0
8922	0
5304	0
4232	1
8330	1
2700	1
546	0
6188	1
9963	1
2210	0
5571	0
10005	0
10198	0
1231	0
1664	0
3877	0
10358	0
8794	0
7606	0
11360	0
3732	0
763	1
3675	0
9812	1
8374	0
4055	0
4577	0
6382	1
5455	0
4364	0
7117	1
1687	0
4911	1
786	1
7401	1
3019	0
2595	1
7371	0
1521	1
3491	1
3924	1
5227	0
3910	0
4310	0
212	1
9542	1
1666	0
10255	0
8483	1
1747	1
7880	1
942	1
3248	1
7403	1
4350	1
7092	0
403	0
2635	1
8678	1
9000	1
8327	1
2517	0
9338	0
9741	0
3435	0
9418	0
1799	0
6178	1
2006	1
10507	0
9994	0
9079	0
8111	0
7714	1
765	0
3903	1
974	0
8073	0
3457	1
9199	1
9502	0
4015	0
4613	0
8956	1
8344	1
10333	0
3448	1
4170	0
4046	0
7476	0
4867	0
7591	1
10903	1
426	1
6133	0
3881	1
4378	0
8480	1
10281	1
2744	1
3442	1
8810	1
3375	0
8446	0
2562	0
9720	0
8845	0
2048	1
1813	0
311	1
8945	1
6093	0
4064	1
265	1
2514	1
8625	1
3760	0
3973	1
4796	1
402	1
484	0
7575	0
4285	1
6536	1
3172	1
10685	0
8733	0
7249	1
11212	0
4317	1
4749	1
10498	0
174	0
10379	0
3007	1
1478	0
7861	0
2591	0
0	1
1155	1
694	0
6856	0
7627	0
1656	0
365	1
2540	0
3032	1
4216	1
9883	1
690	1
9955	0
4505	1
9886	1
7557	1
218	1
4769	0
1514	1
7508	0
7037	1
4304	0
5299	1
4093	0
11206	0
9339	1
9015	1
4627	1
1145	0
8557	1
9282	0
8649	0
10050	0
5976	1
1411	0
8144	0
4065	1
8245	1
4813	1
6990	1
7060	0
2093	0
314	1
10445	1
2833	0
5371	1
3483	0
3970	1
7074	0
3138	0
4820	1
6797	0
1737	1
7491	1
2550	0
5410	1
8657	1
1554	1
1939	1
8783	0
5301	0
5764	0
7036	0
5102	0
6270	0
11007	0
4630	1
632	0
1588	1
3665	0
3367	0
7066	0
4845	1
6295	0
3831	0
3909	0
6347	1
2669	1
7507	0
3653	0
4597	1
5069	0
5501	0
9947	0
7688	0
10250	0
6380	1
6764	0
270	0
356	0
1613	1
6861	0
2578	0
3628	1
3545	0
4691	0
9848	1
8737	1
4479	0
563	0
7079	1
3164	0
2563	1
9637	1
9157	1
5390	0
4171	1
7441	1
9523	1
2419	1
5608	0
5121	1
548	0
1305	1
11047	0
7465	0
10006	1
2325	1
1854	1
2216	0
9571	1
4880	0
877	1
4712	1
489	0
1983	1
2038	1
9801	1
4918	0
398	0
624	1
3673	1
1570	1
1913	0
5811	1
10143	0
7065	1
10044	0
1011	1
1487	1
2740	0
3303	0
427	0
1954	1
5527	1
750	0
5001	1
3256	0
6387	1
939	1
10683	0
7636	0
10660	0
5236	1
11283	1
7783	1
2323	0
1692	0
9090	1
3296	0
3959	0
2772	0
5476	0
1806	1
10847	1
7761	1
7806	1
3149	0
2348	0
4457	0
5274	0
538	0
2234	1
8677	0
7143	1
7138	0
177	1
6224	0
2597	1
7576	0
8897	1
5720	0
6740	0
7245	1
485	1
871	1
6580	0
8918	0
6659	1
4645	1
549	1
6211	0
4955	0
5588	1
4284	1
11257	0
875	0
4500	1
5381	1
346	0
3940	0
3923	0
11138	1
11071	0
7684	1
5099	0
955	1
5878	1
3244	1
7526	1
9381	0
9774	0
5126	1
11365	0
2036	0
9576	1
10158	1
9417	0
616	0
9098	0
1736	0
9202	1
3174	0
6532	0
6183	1
2858	0
10418	1
1639	0
6276	0
7261	0
959	1
8609	1
6969	0
5953	0
2148	0
3875	0
8362	0
10401	1
4042	1
354	1
4108	0
11164	1
2442	1
7527	0
9750	0
3727	1
846	1
6756	1
11327	1
4497	0
9760	1
3326	1
7813	1
5810	0
6139	0
11085	1
10707	1
700	0
10391	0
7915	1
97	1
544	1
9647	1
7242	0
8829	0
3559	1
4290	1
4548	0
884	0
2956	1
6516	0
6983	1
6303	1
10175	0
3884	1
2099	0
6854	0
10959	1
10800	0
5006	1
9555	1
8601	0
3261	1
2481	1
5196	1
4121	0
11056	0
7966	0
10152	0
1382	0
4631	1
3080	1
10205	0
10456	1
2674	0
2248	1
1422	0
5593	0
175	0
424	1
10337	1
3920	1
4507	1
4200	1
1144	1
1680	1
4834	1
1895	0
7939	0
3428	1
6553	0
7126	0
7208	1
10219	0
676	1
1587	0
9891	0
3752	0
3186	0
8136	1
3239	0
9272	0
9670	0
6687	0
1668	0
8743	1
2906	0
3418	1
5214	1
594	0
9511	1
8962	1
2629	1
6169	0
2385	0
872	1
5228	0
1061	0
11308	0
10816	1
4972	0
568	0
3454	0
10285	0
1930	1
5539	0
6605	1
10916	0
5699	1
10472	0
11298	1
2877	1
8823	0
6335	1
5306	0
4188	1
6245	1
1369	1
104	0
5436	1
8700	1
10398	0
7237	1
5460	0
9550	1
11422	1
971	0
1994	0
4097	0
10012	1
6526	1
10928	1
3031	0
4401	0
10323	0
6397	1
1006	1
6308	1
2476	1
2569	1
384	0
10684	0
1237	1
2807	0
1711	0
1591	1
6706	1
10602	1
8952	0
747	1
2539	0
9530	0
6914	1
2623	1
8137	1
9919	1
9543	0
4588	1
8873	0
4393	1
3200	1
9095	0
10095	0
8739	0
8249	1
10436	0
565	1
1684	1
10645	1
10407	1
516	1
8199	0
6981	1
2094	0
9907	0
5967	1
3439	1
6429	1
6034	0
2366	0
10423	1
547	1
6643	0
9152	1
4802	1
820	0
6415	0
10119	1
3004	0
2702	0
2304	0
5755	1
10710	1
4322	1
3478	0
2104	1
10107	0
6172	0
9942	1
1398	0
6016	0
11065	1
7644	0
5759	1
1585	1
1248	0
3036	0
6177	1
7967	1
4155	1
6944	1
5397	0
497	0
6899	0
7635	1
8707	1
5929	1
4252	1
1904	0
4261	1
129	1
5812	1
1381	1
7080	0
3639	0
8586	0
9026	0
1795	0
683	0
7169	1
8113	0
387	0
3527	1
9281	0
8229	1
9170	0
3551	1
2074	1
11223	1
8310	0
9166	0
3681	0
7137	0
8096	1
2277	0
3693	0
6957	0
835	0
8857	1
9092	0
6666	1
3431	0
6661	0
7860	1
11296	0
10795	0
919	0
1333	1
2542	0
10714	1
2102	0
8792	0
9393	1
5636	0
5726	1
9455	1
58	0
6417	1
9837	1
4970	0
10622	1
11294	1
11371	1
8615	1
4665	1
8602	1
7902	0
9247	1
6692	0
500	1
8788	0
10668	0
8934	1
11350	1
3614	1
6104	0
9191	0
5055	1
3336	1
4734	1
10286	0
10115	0
3998	1
1496	1
6504	1
5169	0
10293	1
8833	1
7814	0
5570	1
4583	0
8719	1
3593	1
4854	0
4336	0
5847	1
10767	1
10068	1
6358	1
996	1
11173	1
3380	1
4133	0
3477	1
9959	1
6979	0
7161	1
2289	1
10855	1
4780	1
5763	0
10620	0
4206	0
93	0
1083	0
3520	0
8959	0
9559	1
2489	0
878	1
11058	0
3425	0
7738	0
10859	0
5131	1
3662	0
10206	1
3315	1
4995	0
10315	0
476	1
5366	1
9829	1
7067	0
3235	0
7024	1
553	1
1541	1
810	1
2805	1
9464	0
9292	0
1622	0
6575	1
2672	1
3524	0
8490	0
1140	0
351	1
4096	1
649	0
6259	1
3178	1
9830	0
10923	0
11190	0
3654	0
3978	0
8997	0
8944	1
8493	0
8632	0
1764	0
10190	0
848	0
2092	1
5567	0
336	1
407	0
4435	1
9473	1
4777	0
8736	1
5291	1
4448	0
4962	0
2029	1
4770	0
2367	0
10616	0
9364	1
7973	1
16	1
6534	1
3540	1
10488	0
733	1
7971	0
8489	1
9501	0
5714	1
6223	0
9385	1
11393	0
5913	1
6778	0
7477	1
2011	1
5082	0
3571	0
10074	1
10564	0
4158	1
7412	0
6881	0
10988	1
3976	0
6620	0
7828	0
9104	0
7619	0
7887	1
1320	0
10775	1
6768	1
494	1
4213	1
9520	0
5770	0
1181	0
8053	0
4276	1
5991	1
6839	0
5704	1
8851	0
923	0
192	0
9566	1
9061	1
2465	1
3784	0
7231	0
787	0
4873	1
10362	0
10307	0
9354	1
442	1
10850	1
11319	0
11016	0
4633	1
9651	0
11018	0
8623	1
10998	0
10726	1
9595	1
11387	0
6513	1
9489	0
5750	0
8415	1
2921	1
5393	1
6332	1
4600	1
1967	1
8241	1
10163	1
944	1
11063	0
1123	1
5547	0
3968	0
8262	0
9136	0
10342	0
89	1
2665	1
7700	1
3734	1
9234	0
9737	1
8778	0
828	0
8521	0
2136	1
4664	0
9527	0
11217	0
600	0
10257	0
688	1
6542	0
7315	1
5855	1
943	1
2820	0
10589	0
1661	0
973	1
5278	1
9898	1
2927	1
1767	1
10510	0
3721	0
4983	1
8234	1
11215	1
6480	1
10568	1
4384	0
6081	0
40	0
2756	1
10004	0
3757	0
8889	0
5370	0
1667	0
6530	1
11392	1
11305	0
9412	0
6194	1
9444	1
5928	1
1322	0
4831	0
10431	0
3314	0
6040	1
7277	1
11228	1
8516	1
4552	0
4496	1
3962	0
2063	0
3220	0
3658	0
8356	1
7545	0
11225	0
6434	0
10413	0
253	1
509	1
6151	1
1524	1
2687	0
4945	0
5139	0
3165	1
1630	0
9419	1
2200	1
10764	1
332	1
5233	1
6825	0
8219	1
4996	0
9235	0
5586	0
3941	1
8832	1
10035	1
10688	0
2317	1
4323	1
3254	0
3840	1
11200	0
2515	0
1970	0
4612	1
9003	0
6940	0
6118	0
6103	0
9961	1
7886	1
2415	0
1251	0
2280	0
10298	0
2426	1
9227	1
9851	1
4904	1
2747	0
6537	0
6509	1
5618	1
4513	0
7645	0
9988	0
6541	1
1938	0
585	1
10109	0
7456	0
2028	0
9586	0
4386	0
4303	1
1849	0
8376	0
10137	0
7228	0
4450	1
2813	1
2149	1
9432	1
4373	0
3602	1
7468	0
8578	0
5063	0
3567	1
10459	1
10260	1
5620	1
790	0
308	0
1596	1
6024	0
4886	1
10124	0
1706	0
637	0
3378	0
2738	0
9114	0
3714	0
10332	0
8803	0
4605	1
7834	1
6859	0
157	1
10856	1
5823	0
8570	0
3124	0
9172	1
867	1
4924	1
2359	1
3143	1
9483	1
9395	0
654	1
533	1
8758	0
953	1
7035	1
2673	0
2725	0
5711	0
7665	0
3325	0
3291	0
2797	0
7865	0
8413	0
9911	0
8680	1
10324	0
1540	1
11398	1
10919	0
1399	1
7570	1
261	1
3699	1
3276	1
1658	1
6076	1
3259	1
1738	0
8584	0
8748	1
6054	0
11027	1
2719	0
1776	0
6355	0
11408	0
7085	0
1254	1
4286	0
9193	1
4986	1
3700	1
4699	0
7122	1
7531	0
9605	1
8383	1
5383	1
4930	0
7790	1
1502	1
3641	1
6159	0
3777	1
2175	0
7660	0
4711	1
4325	0
8261	1
4837	0
11292	1
595	0
5123	0
3232	1
9952	1
9858	0
10786	1
3355	1
11084	0
9372	1
7909	1
1525	1
7841	0
10938	0
8633	1
11140	0
3087	1
6377	0
5576	0
3837	1
2377	1
7056	1
2434	1
9030	1
4571	1
7844	0
2666	1
6943	1
981	0
3286	1
7487	1
7269	1
6463	1
4084	0
3306	1
5689	1
5867	0
239	0
6202	1
1199	0
5	0
8023	1
9726	1
5040	0
466	1
2668	0
11406	1
8797	1
10494	1
9014	0
1787	1
5265	0
10945	1
6282	1
3994	0
3626	1
1891	0
4885	0
8846	0
7833	0
11226	1
10864	1
619	0
11367	0
9478	0
10907	0
4976	0
5504	1
5068	0
6684	1
10610	0
5947	1
4501	1
5939	1
3946	0
6209	1
3763	1
5357	0
7674	1
1782	0
3316	1
10025	0
6001	0
4540	1
10322	0
3362	1
4708	1
290	1
248	0
9849	1
3095	1
6517	0
7323	0
3271	1
4275	0
144	1
10967	1
1571	1
9557	1
9368	0
10663	0
4151	1
618	1
4683	1
2459	1
11019	1
3781	0
6315	0
2880	0
3191	0
1010	0
10478	0
638	0
10220	1
2777	1
2361	1
1462	1
5589	1
8512	1
2933	1
8814	1
7055	0
9213	0
6227	0
1433	1
8469	0
987	0
2184	0
7238	1
9069	0
8731	1
6958	1
709	1
1533	0
4700	1
6913	0
4395	0
1882	0
2298	1
1272	1
10425	0
1303	0
5275	0
2535	0
1291	1
10846	0
5842	0
3751	0
10108	0
9611	1
1589	0
9700	0
10246	1
11089	1
2270	1
8398	1
3850	0
10892	1
4856	1
6230	1
6220	0
6410	0
9631	1
883	0
2662	0
8353	1
8580	0
4684	0
9807	1
1757	0
5273	1
10019	1
2911	1
887	0
9901	0
3791	1
9179	1
8936	1
10981	0
818	1
6168	0
9161	1
8974	1
2480	0
7265	1
1984	0
6444	0
1034	0
7200	1
4030	1
3679	1
8055	0
3809	0
1258	1
479	1
10400	1
1934	0
4750	1
3888	0
4390	0
6460	0
590	0
7951	0
10406	1
7313	0
6582	0
5941	1
2067	0
3945	1
7104	0
4449	1
10797	1
4044	0
475	1
9704	0
5632	1
2320	1
4013	1
10151	1
1214	1
1621	1
4587	0
2473	0
7959	1
1473	1
8042	0
2461	1
148	0
9089	1
9956	0
10744	1
1151	1
8847	1
8316	0
7979	0
1788	1
2370	1
7892	0
2404	1
2201	0
5057	1
50	0
4366	1
4031	0
7561	1
3240	1
9676	1
4241	1
289	0
7198	0
8547	1
9665	1
1855	1
4249	1
4428	0
2837	1
3766	0
9684	0
11342	1
9654	1
4979	0
11231	1
2253	0
10801	0
845	1
9943	0
9135	1
802	0
9767	0
4532	0
668	0
9477	0
3113	1
11168	0
3836	0
3969	1
7353	0
10224	1
9968	0
9149	1
9870	1
6677	0
9859	1
392	0
5655	1
3803	1
3670	0
6953	0
11046	0
469	1
6777	0
7358	0
7911	0
9487	0
1103	1
4997	0
11289	1
11229	1
8698	0
4789	0
4824	1
4321	0
3379	1
3928	1
8282	1
4512	0
8269	0
7005	0
5270	0
611	0
4504	0
9448	1
9553	0
7259	0
11207	1
1224	0
3805	1
6084	1
4214	0
806	1
2527	0
5901	1
3957	1
7257	1
3922	0
5094	1
10724	0
8908	0
6407	0
5528	0
3225	1
11198	0
10612	0
5554	0
523	1
2177	1
6242	1
6925	1
306	0
6712	0
54	0
8180	1
5058	1
6730	0
2834	0
2815	1
7583	1
3574	0
10181	0
3517	0
8381	0
6770	1
10722	0
2267	1
9142	1
9763	0
9809	0
4654	0
2077	0
8843	1
5344	0
2231	1
5505	1
3807	0
1941	1
8990	0
9176	1
10179	0
6841	1
10031	1
9243	0
10135	0
6011	0
8010	1
1839	1
7025	1
10662	1
9732	0
7794	1
8963	0
2632	1
1068	0
6072	1
3073	0
4963	1
6829	0
1260	0
5440	0
7213	1
5509	1
7612	1
1556	1
260	1
2625	0
10970	1
7437	1
2651	1
3195	0
10245	0
8560	0
1900	0
908	0
1515	0
5607	1
9887	1
9889	1
11134	0
1975	0
10227	1
319	0
9597	1
7568	0
9514	0
10375	1
5086	0
4698	1
7829	0
9643	1
5522	0
7293	0
3053	0
9205	0
8009	1
1372	1
1039	0
2854	0
3642	1
4269	0
5778	1
6964	0
251	0
5715	1
9017	0
230	1
6818	1
6032	0
2506	1
1745	1
5577	1
2299	1
2840	1
2268	0
6849	1
7134	1
4898	1
7584	1
10534	1
4518	1
2976	1
9139	0
7502	0
7673	1
9041	0
2983	1
6858	1
3790	0
722	0
9268	1
3582	0
7628	0
3878	1
11320	1
1358	0
389	0
8409	1
6288	1
670	0
6652	0
5070	1
3745	0
7222	0
2411	1
5145	1
2565	1
3167	0
6374	1
2365	0
8896	1
5619	1
42	0
3989	1
1180	0
7338	0
9929	0
1808	0
6418	0
5788	1
3166	1
9788	1
9132	0
6468	0
6814	1
2396	0
11169	1
4032	1
